source	target	depth
space research	advances in space research	1
space research	benefits of space exploration	1
space research	committee on space research	1
space research	deep space exploration	1
space research	lists of space programs	1
space research	outer space	1
space research	space age	1
space research	space archaeology	1
space research	space architecture	1
space research	space exploration	1
space research	spacefaring	1
space research	space law	1
space research	space medicine	1
space research	space probe	1
space research	space research service	1
space research	space science	1
space exploration	discovery and exploration of the solar system	1
space exploration	spacecraft propulsion	1
space exploration	robotic spacecraft	1
space exploration	timeline of planetary exploration	1
space exploration	landings on other planets	1
space exploration	pioneer program	1
space exploration	luna program	1
space exploration	zond program	1
space exploration	venera program	1
space exploration	mars probe program	1
space exploration	ranger program	1
space exploration	mariner program	1
space exploration	surveyor program	1
space exploration	viking program	1
space exploration	voyager program	1
space exploration	vega program	1
space exploration	phobos program	1
space exploration	discovery program	1
space exploration	chandrayaan-1	1
space exploration	mars orbiter mission	1
space exploration	chinese lunar exploration program	1
space exploration	astrobotic technology	1
space exploration	interplanetary contamination	1
space exploration	animals in space	1
space exploration	monkeys in space	1
space exploration	russian space dogs	1
space exploration	astronaut	1
space exploration	vostok program	1
space exploration	mercury program	1
space exploration	voskhod program	1
space exploration	gemini program	1
space exploration	soyuz program	1
space exploration	apollo program	1
space exploration	salyut	1
space exploration	skylab	1
space exploration	space shuttle program	1
space exploration	mir	1
space exploration	international space station	1
space exploration	vision for space exploration	1
space exploration	aurora programme	1
space exploration	scaled composites tier one	1
space exploration	effect of spaceflight on the human body	1
space exploration	space architecture	1
space exploration	space archaeology	1
space exploration	flexible path	1
space exploration	commercial astronaut	1
space exploration	artemis program	1
space exploration	energy development	1
space exploration	exploration of mars	1
space exploration	space tourism	1
space exploration	private spaceflight	1
space exploration	space colonization	1
space exploration	interstellar spaceflight	1
space exploration	deep space exploration	1
space exploration	human outpost	1
space exploration	mars to stay	1
space exploration	newspace	1
space exploration	nasa lunar outpost concepts	1
space exploration	timeline of solar system exploration	1
space exploration	space station	1
space exploration	space telescope	1
space exploration	sample return mission	1
space exploration	atmospheric reentry	1
space exploration	space and survival	1
space exploration	religion in space	1
space exploration	militarisation of space	1
space exploration	french space program	1
space exploration	russian explorers	1
space exploration	u.s. space exploration history on u.s. stamps	1
space exploration	deep-sea exploration	1
space exploration	arctic exploration	1
space exploration	criticism of space exploration	1
space race	billionaire space race	1
space race	cold war	1
space race	arms race	1
space race	cold war playground equipment	1
space race	history of spaceflight	1
space race	moon landing	1
space race	moon shot	1
space race	space advocacy	1
space race	space exploration	1
space race	space policy	1
space race	space propaganda	1
space race	spaceflight records	1
space race	seds	1
space race	timeline of solar system exploration	1
space race	timeline of space exploration	1
space race	woods hole conference	1
space race	mars race	1
arctic exploration	farthest north	2
arctic exploration	great northern expedition	2
arctic exploration	heroic age of antarctic exploration	2
arctic exploration	history of antarctica	2
arctic exploration	history of research ships	2
arctic exploration	timeline of european exploration	2
arctic exploration	drifting ice station	2
arctic exploration	deep-sea exploration	2
arctic exploration	space exploration	2
arctic exploration	nikolai pinegin	2
criticism of space exploration	criticism of science	2
mars race	space race	2
mars race	moon landing	2
mars race	exploration of mars	2
mars race	billionaire space race	2
mars race	spacex mars colonization program	2
u.s. space exploration history on u.s. stamps	astrophilately	2
u.s. space exploration history on u.s. stamps	airmails of the united states	2
u.s. space exploration history on u.s. stamps	postage stamps and postal history of the united states	2
u.s. space exploration history on u.s. stamps	soviet space exploration history on soviet stamps	2
u.s. space exploration history on u.s. stamps	topical stamp collecting	2
timeline of space exploration	discovery and exploration of the solar system	2
timeline of space exploration	timeline of solar system exploration	2
timeline of space exploration	timeline of artificial satellites and space probes	2
timeline of space exploration	timeline of space travel by nationality	2
timeline of space exploration	timeline of spaceflight	2
timeline of space exploration	timeline of private spaceflight	2
seds	outer space	2
seds	yuri's night	2
seds	space frontier foundation	2
seds	national space society	2
seds	the planetary society	2
seds	mars society	2
seds	newspace	2
seds	peter diamandis	2
seds	robert d. richards	2
seds	todd b. hawley	2
timeline of solar system exploration	discovery and exploration of the solar system	2
timeline of solar system exploration	human presence in space	2
timeline of solar system exploration	new frontiers program	2
timeline of solar system exploration	out of the cradle (book)	2
timeline of solar system exploration	space race	2
timeline of solar system exploration	timeline of artificial satellites and space probes	2
timeline of solar system exploration	timeline of discovery of solar system planets and their moons	2
timeline of solar system exploration	timeline of first orbital launches by country	2
timeline of solar system exploration	timeline of space exploration	2
timeline of solar system exploration	timeline of space travel by nationality	2
timeline of solar system exploration	timeline of spaceflight	2
spaceflight records	first images of earth from space	2
spaceflight records	human presence in space	2
spaceflight records	manned maneuvering unit	2
spaceflight records	omega speedmaster	2
spaceflight records	simplified aid for eva rescue	2
spaceflight records	space suit	2
spaceflight records	suitport	2
spaceflight records	timeline of space exploration	2
space advocacy	chinese exclusion policy of nasa	2
space advocacy	russian cosmism	2
space advocacy	newspace	2
space advocacy	politics of the international space station	2
space advocacy	science-fiction	2
space advocacy	space art	2
space advocacy	space law	2
space advocacy	space race	2
space advocacy	space policy	2
space advocacy	politics of outer space	2
space propaganda	sputnik crisis	2
space propaganda	science fiction	2
space policy	chinese exclusion policy of nasa	2
space policy	citizens' advisory council on national space policy	2
space policy	politics of outer space	2
space policy	space advocacy	2
space policy	space generation advisory council	2
space policy	space law	2
space policy	space race	2
moon landing	lunar escape systems	2
moon landing	robert goddard	2
moon landing	soyuz 7k-l1	2
history of spaceflight	history of space in africa	2
history of spaceflight	history of aviation	2
history of spaceflight	timeline of spaceflight	2
history of spaceflight	timeline of solar system exploration	2
history of spaceflight	human presence in space	2
arms race	nuclear arms race	2
arms race	arms control	2
arms race	arms industry	2
arms race	cyber arms race	2
arms race	driver safety arms race	2
arms race	artificial intelligence arms race	2
arms race	lewis fry richardson	2
arms race	second cold war	2
arms race	military–industrial complex	2
arms race	missile gap	2
arms race	one-upmanship	2
arms race	revolution in military affairs	2
arms race	security dilemma	2
arms race	space race	2
arms race	ethics of artificial intelligence	2
arms race	saint petersburg declaration of 1868	2
billionaire space race	the space barons	2
billionaire space race	space race	2
billionaire space race	space race ii	2
billionaire space race	space race 2.0	2
billionaire space race	space launch market competition	2
billionaire space race	commercialization of space	2
billionaire space race	mars race	2
cold war	american imperialism	2
cold war	canada in the cold war	2
cold war	cold peace	2
cold war	mccarthyism	2
cold war	red scare	2
cold war	second cold war	2
cold war	war on terror	2
french space program	joseph louis lagrange	2
french space program	pierre-simon laplace	2
french space program	augustin-jean fresnel	2
french space program	jean-yves le gall	2
french space program	françois arago	2
french space program	philippe baptiste	2
french space program	cnes	2
french space program	european space agency	2
french space program	airbus	2
french space program	safran	2
french space program	arianespace	2
french space program	arianegroup	2
french space program	astrium	2
french space program	thales group	2
french space program	thales alenia space	2
french space program	aérospatiale	2
french space program	dassault	2
french space program	institut supérieur de l'aéronautique et de l'espace	2
french space program	école nationale supérieure de mécanique et d'aérotechnique (isae-ensma)	2
french space program	école nationale supérieure d'ingénieurs de poitiers	2
french space program	école nationale de l'aviation civile	2
french space program	france aerotech	2
french space program	école nationale supérieure d’électronique, informatique, télécommunications, mathématique et mécanique de bordeaux	2
french space program	french air and space force	2
french space program	guiana space centre	2
french space program	aerospace valley	2
french space program	toulouse space centre	2
french space program	musée aéronautique et spatial safran	2
french space program	cannes mandelieu space center	2
french space program	bureau des longitudes	2
french space program	félicette	2
russian explorers	1966 soviet submarine global circumnavigation	2
russian explorers	arctic policy of russia	2
russian explorers	first russian circumnavigation	2
russian explorers	geography of russia	2
russian explorers	great northern expedition	2
russian explorers	northern sea route	2
russian explorers	russian geographical society	2
russian explorers	siberian river routes	2
russian explorers	soviet antarctic expedition	2
russian explorers	soviet space program	2
militarisation of space	project a119	2
militarisation of space	fractional orbital bombardment	2
militarisation of space	gravity tractor	2
militarisation of space	kinetic bombardment	2
militarisation of space	vryan	2
militarisation of space	anti-satellite weapon	2
militarisation of space	satellite	2
militarisation of space	gps	2
militarisation of space	spy satellite	2
militarisation of space	ballistic missiles	2
militarisation of space	commercialization of space	2
militarisation of space	disclosure project	2
militarisation of space	high-altitude nuclear explosion	2
militarisation of space	kill vehicle	2
militarisation of space	mutual assured destruction	2
militarisation of space	orbital bombardment	2
militarisation of space	outer space treaty	2
militarisation of space	prompt global strike	2
militarisation of space	space geostrategy	2
militarisation of space	space force	2
militarisation of space	space race	2
militarisation of space	strategic defense initiative	2
militarisation of space	strategy of technology	2
militarisation of space	militarisation of cyberspace	2
militarisation of space	kessler syndrome	2
sample return mission	asteroid mining	2
sample return mission	exploration of mars	2
sample return mission	exploration of the moon	2
sample return mission	extraterrestrial sample curation	2
sample return mission	robotic exploration of the moon	2
sample return mission	timeline of solar system exploration	2
space and survival	global catastrophic risks	2
space and survival	human outpost	2
space and survival	planetary habitability	2
space and survival	space colonization	2
space and survival	space habitat	2
space and survival	terraforming	2
space telescope	airborne observatory	2
space telescope	balloon-borne telescope	2
space telescope	earth observation satellite	2
space telescope	timeline of artificial satellites and space probes	2
space telescope	timeline of telescopes, observatories, and observing technology	2
space telescope	ultraviolet astronomy	2
space telescope	x-ray telescope	2
religion in space	astronomy and religion	2
religion in space	astrotheology	2
religion in space	religion in antarctica	2
nasa lunar outpost concepts	lunar architecture (nasa)	2
nasa lunar outpost concepts	exploration systems architecture study	2
nasa lunar outpost concepts	project constellation	2
nasa lunar outpost concepts	artemis program	2
nasa lunar outpost concepts	vision for space exploration	2
nasa lunar outpost concepts	lunar reconnaissance orbiter	2
nasa lunar outpost concepts	colonization of the moon	2
space station	apollo–soyuz	2
space station	spacelab	2
space station	shuttle–mir program	2
newspace	billionaire space race	2
newspace	heinlein prize for advances in space commercialization	2
newspace	space launch market competition	2
deep space exploration	intergalactic travel	2
deep space exploration	interplanetary spaceflight	2
deep space exploration	interstellar travel	2
deep space exploration	space colonization	2
interstellar spaceflight	bussard ramjet	2
interstellar spaceflight	eugen sänger	2
interstellar spaceflight	freeman dyson	2
interstellar spaceflight	wormhole	2
interstellar spaceflight	interstellar object	2
interstellar spaceflight	space travel in science fiction	2
space tourism	commercialization of space	2
space tourism	effect of spaceflight on the human body	2
space tourism	private spaceflight	2
space tourism	space flight participant	2
space tourism	sub-orbital spaceflight	2
space tourism	commercial astronaut	2
private spaceflight	billionaire space race	2
private spaceflight	heinlein prize for advances in space commercialization	2
private spaceflight	space launch market competition	2
exploration of mars	colonization of mars	2
exploration of mars	human mission to mars	2
exploration of mars	life on mars	2
exploration of mars	mars landing	2
exploration of mars	mars race	2
exploration of mars	mars rover	2
exploration of mars	mars scout program	2
exploration of mars	mars society	2
exploration of mars	observations and explorations of venus	2
exploration of mars	space colonization	2
exploration of mars	space exploration	2
exploration of mars	space weather	2
exploration of mars	timeline of solar system exploration	2
exploration of mars	crew health and performance exploration analog	2
energy development	worldwide energy supply	2
energy development	technology	2
energy development	water-energy nexus	2
energy development	energy policy	2
energy development	energy policy of the united states	2
energy development	energy policy of china	2
energy development	energy policy of india	2
energy development	energy policy of the european union	2
energy development	energy policy of the united kingdom	2
energy development	energy policy of russia	2
energy development	energy policy of brazil	2
energy development	energy policy of canada	2
energy development	energy policy of the soviet union	2
energy development	energy industry liberalization and privatization (thailand)	2
energy development	seasonal thermal energy storage	2
energy development	interseasonal thermal energy storage	2
energy development	geomagnetically induced current	2
energy development	energy harvesting	2
energy development	timeline of sustainable energy research 2020–present	2
energy development	raw material	2
energy development	biomaterial	2
energy development	energy consumption	2
energy development	materials science	2
energy development	recycling	2
energy development	upcycling	2
energy development	downcycling	2
energy development	thorium-based nuclear power	2
energy development	ocean thermal energy conversion	2
energy development	growth of photovoltaics	2
space colonization	asteroid mining	2
space colonization	bernal sphere	2
space colonization	billionaire space race	2
space colonization	colonisation (biology)	2
space colonization	colonization of antarctica	2
space colonization	directed panspermia	2
space colonization	domed city	2
space colonization	extraterrestrial liquid water	2
space colonization	extraterrestrial real estate	2
space colonization	human outpost	2
space colonization	human presence in space	2
space colonization	lagrange point colonization	2
space colonization	mars analog habitat	2
space colonization	mars one	2
space colonization	mars to stay	2
space colonization	megastructure	2
space colonization	newspace	2
space colonization	melissa	2
space colonization	ocean colonization	2
space colonization	o'neill cylinder	2
space colonization	planetary habitability	2
space colonization	solar analog	2
space colonization	space archaeology	2
space colonization	space habitat	2
space colonization	politics of outer space	2
space colonization	space law	2
space colonization	spome	2
space colonization	stanford torus	2
space colonization	terraforming	2
space colonization	timeline of solar system exploration	2
space colonization	underground city	2
artemis program	wp:seealso	2
artemis program	chinese lunar exploration program	2
artemis program	first lunar outpost	2
artemis program	space exploration initiative	2
artemis program	nasa astronaut group 23	2
artemis program	coordinated lunar time	2
commercial astronaut	newspace	2
commercial astronaut	pilot certification in the united states	2
commercial astronaut	private spaceflight	2
commercial astronaut	space adventures	2
commercial astronaut	space colonization	2
commercial astronaut	space tourism	2
commercial astronaut	spaceport	2
commercial astronaut	sub-orbital spaceflight	2
space archaeology	human presence in space	2
space archaeology	mir	2
space archaeology	international space station	2
space archaeology	robotic spacecraft	2
space archaeology	space architecture	2
space archaeology	space colonization	2
space archaeology	space debris	2
space archaeology	space exploration	2
space archaeology	space station	2
space archaeology	spacecraft cemetery	2
space archaeology	technosignature	2
space archaeology	tranquility base	2
space archaeology	cultural heritage management	2
space archaeology	historic preservation	2
space archaeology	rescue agreement	2
space archaeology	outer space treaty	2
space archaeology	registration convention	2
space archaeology	moon treaty	2
space archaeology	national historic preservation act of 1966	2
space archaeology	united nations convention on the law of the sea	2
space archaeology	antarctic treaty system	2
flexible path	commercial orbital transportation services	2
flexible path	direct	2
flexible path	evolved expendable launch vehicle	2
flexible path	vision for space exploration	2
flexible path	shuttle-derived heavy lift launch vehicle	2
effect of spaceflight on the human body	fatigue and sleep loss during spaceflight	2
effect of spaceflight on the human body	food systems on space exploration missions	2
effect of spaceflight on the human body	ionizing radiation	2
effect of spaceflight on the human body	intervertebral disc damage and spaceflight	2
effect of spaceflight on the human body	locomotion in space	2
effect of spaceflight on the human body	mars analog habitats	2
effect of spaceflight on the human body	medical treatment during spaceflight	2
effect of spaceflight on the human body	overview effect	2
effect of spaceflight on the human body	reduced muscle mass, strength and performance in space	2
effect of spaceflight on the human body	renal stone formation in space	2
effect of spaceflight on the human body	environmental control system	2
effect of spaceflight on the human body	space colonization	2
effect of spaceflight on the human body	spaceflight radiation carcinogenesis	2
effect of spaceflight on the human body	team composition and cohesion in spaceflight missions	2
effect of spaceflight on the human body	visual impairment due to intracranial pressure	2
aurora programme	astrobiology	2
aurora programme	constellation program	2
aurora programme	space exploration	2
aurora programme	human spaceflight	2
aurora programme	mars sample return mission	2
international space station	a beautiful planet	2
international space station	center for the advancement of science in space	2
international space station	politics of outer space	2
international space station	science diplomacy	2
international space station	space station 3d	2
vision for space exploration	artemis program	2
vision for space exploration	aurora programme	2
vision for space exploration	crew exploration vehicle	2
vision for space exploration	crew space transportation system	2
vision for space exploration	decadal planning team	2
vision for space exploration	direct	2
vision for space exploration	exploration systems architecture study	2
vision for space exploration	google lunar x prize	2
vision for space exploration	human lunar return study	2
vision for space exploration	human spaceflight	2
vision for space exploration	lunar reconnaissance orbiter	2
vision for space exploration	colonization of the moon	2
vision for space exploration	constellation program	2
vision for space exploration	colonization of mars	2
vision for space exploration	space advocacy	2
vision for space exploration	space exploration	2
vision for space exploration	space exploration initiative	2
space shuttle program	dream chaser	2
space shuttle program	international space station	2
space shuttle program	human spaceflight	2
space shuttle program	space exploration	2
space shuttle program	space shuttle abort modes	2
space shuttle program	shuttle (video game)	2
space shuttle program	orbiter (simulator)	2
space shuttle program	space shuttle mission 2007	2
space shuttle program	atmospheric entry	2
space shuttle program	lifting body	2
space shuttle program	apollo program	2
space shuttle program	artemis program	2
space shuttle program	buran programme	2
space shuttle program	constellation program	2
space shuttle program	avatar (spacecraft)	2
space shuttle program	buran (spacecraft)	2
space shuttle program	chrysler serv	2
space shuttle program	hermes (spacecraft)	2
space shuttle program	hope-x	2
space shuttle program	hopper (spacecraft)	2
space shuttle program	kliper	2
space shuttle program	martin marietta spacemaster	2
space shuttle program	reusable launch system	2
space shuttle program	single-stage-to-orbit	2
space shuttle program	shuttle-derived vehicle	2
space shuttle program	skylon (spacecraft)	2
space shuttle program	venturestar	2
mir	skylab	2
mir	out of the present	2
mir	orphans of apollo	2
skylab	timeline of longest spaceflights	2
skylab	skylab ii	2
skylab	the man-machine	2
skylab	kraftwerk	2
skylab	solar panels on spacecraft	2
apollo program	apollo 11 in popular culture	2
apollo program	apollo lunar surface experiments package	2
apollo program	exploration of the moon	2
apollo program	leslie cantwell collection	2
apollo program	soviet crewed lunar programs	2
apollo program	stolen and missing moon rocks	2
apollo program	artemis program	2
gemini program	splashdown (spacecraft landing)	2
gemini program	timeline of hydrogen technologies	2
gemini program	us space exploration history on us stamps	2
soyuz program	shenzhou spacecraft	2
soyuz program	space shuttle	2
soyuz program	buran (spacecraft)	2
mercury program	julian elvis ward jr.	2
astronaut	airman	2
astronaut	aquanaut	2
astronaut	outer space	2
astronaut	cosmonautics day	2
astronaut	lists of fictional astronauts	2
astronaut	lists of spacewalks and moonwalks	2
astronaut	mercury 13	2
astronaut	shirley thomas (usc professor)	2
astronaut	space suit	2
astronaut	u.s. space exploration history on u.s. stamps	2
astronaut	united states astronaut hall of fame	2
astronaut	women in space	2
astronaut	yuri's night	2
russian space dogs	animals in space	2
russian space dogs	cosmo (comics)	2
russian space dogs	félicette	2
russian space dogs	monkeys and non-human apes in space	2
russian space dogs	museum of jurassic technology	2
russian space dogs	laika	2
russian space dogs	sputnik program	2
russian space dogs	voskhod program	2
animals in space	alice king chatham	2
animals in space	félicette	2
animals in space	félix i	2
animals in space	one small step: the story of the space chimps	2
animals in space	parachuting animals	2
animals in space	space dogs	2
animals in space	tardigrades on the moon	2
monkeys in space	laika	2
monkeys in space	soviet space dogs	2
monkeys in space	ham (chimpanzee)	2
monkeys in space	human spaceflight	2
monkeys in space	animals in space	2
monkeys in space	space exploration	2
monkeys in space	alice king chatham	2
monkeys in space	captain simian & the space monkeys	2
monkeys in space	space chimps	2
monkeys in space	one small step: the story of the space chimps	2
monkeys in space	animal testing on non-human primates	2
astrobotic technology	exploration of mars	2
astrobotic technology	exploration of the moon	2
astrobotic technology	lunar rover	2
astrobotic technology	mars rover	2
chinese lunar exploration program	exploration of the moon	2
chinese lunar exploration program	apollo program	2
chinese lunar exploration program	artemis program	2
chinese lunar exploration program	chandrayaan programme	2
chinese lunar exploration program	luna programme	2
chinese lunar exploration program	chinese space program	2
chinese lunar exploration program	planetary exploration of china	2
chinese lunar exploration program	tianwen-1	2
mars orbiter mission	venus orbiter mission	2
chandrayaan-1	exploration of the moon	2
chandrayaan-1	gaganyaan	2
chandrayaan-1	lunar water	2
vega program	pioneer venus orbiter	2
vega program	venera program	2
voyager program	family portrait (voyager)	2
voyager program	the farthest	2
voyager program	interstellar express	2
voyager program	china national space administration	2
voyager program	interstellar probe	2
voyager program	pioneer program	2
voyager program	planetary grand tour	2
voyager program	timeline of solar system exploration	2
phobos program	exploration of mars	2
phobos program	space exploration	2
mariner program	exploration of mars	2
mariner program	mariner mark ii	2
mariner program	mariner (crater)	2
mariner program	pioneer program	2
surveyor program	atlas (rocket family)	2
surveyor program	luna programme	2
surveyor program	lunar orbiter program	2
surveyor program	ranger program	2
surveyor program	exploration of the moon	2
ranger program	surveyor program	2
ranger program	lunar orbiter program	2
ranger program	apollo program	2
ranger program	pioneer program	2
ranger program	luna programme	2
ranger program	timeline of solar system exploration	2
ranger program	s:nasa facts volume 2 number 6 project ranger	2
mars probe program	exploration of mars	2
mars probe program	space exploration	2
mars probe program	robotic spacecraft	2
mars probe program	soviet space program	2
zond program	zond failed missions	2
luna program	luna (rocket)	2
luna program	luna-glob	2
luna program	soviet crewed lunar programs	2
luna program	soviet space program	2
luna program	surveyor program	2
luna program	pioneer program	2
luna program	ranger program	2
landings on other planets	deliberate crash landings on extraterrestrial bodies	2
landings on other planets	timeline of space exploration	2
pioneer program	mariner program	2
pioneer program	pioneer anomaly	2
pioneer program	ranger program	2
pioneer program	surveyor program	2
pioneer program	timeline of solar system exploration	2
pioneer program	voyager program	2
timeline of planetary exploration	discovery and exploration of the solar system	2
timeline of planetary exploration	human presence in space	2
timeline of planetary exploration	new frontiers program	2
timeline of planetary exploration	out of the cradle (book)	2
timeline of planetary exploration	space race	2
timeline of planetary exploration	timeline of artificial satellites and space probes	2
timeline of planetary exploration	timeline of discovery of solar system planets and their moons	2
timeline of planetary exploration	timeline of first orbital launches by country	2
timeline of planetary exploration	timeline of space exploration	2
timeline of planetary exploration	timeline of space travel by nationality	2
timeline of planetary exploration	timeline of spaceflight	2
discovery and exploration of the solar system	timeline of solar system astronomy	2
discovery and exploration of the solar system	timeline of discovery of solar system planets and their moons	2
discovery and exploration of the solar system	fixed stars	2
discovery and exploration of the solar system	historical models of the solar system	2
discovery and exploration of the solar system	timeline of spaceflight	2
discovery and exploration of the solar system	timeline of space exploration	2
discovery and exploration of the solar system	timeline of solar system exploration	2
discovery and exploration of the solar system	timeline of first images of earth from space	2
spacecraft propulsion	alcubierre drive	2
spacecraft propulsion	anti-gravity	2
spacecraft propulsion	artificial gravity	2
spacecraft propulsion	atmospheric entry	2
spacecraft propulsion	breakthrough propulsion physics program	2
spacecraft propulsion	flight dynamics (spacecraft)	2
spacecraft propulsion	interplanetary transport network	2
spacecraft propulsion	interplanetary travel	2
spacecraft propulsion	lists of rockets	2
spacecraft propulsion	magnetic sail	2
spacecraft propulsion	orbital maneuver	2
spacecraft propulsion	orbital mechanics	2
spacecraft propulsion	plasma propulsion engine	2
spacecraft propulsion	pulse detonation engine	2
spacecraft propulsion	rocket	2
spacecraft propulsion	rocket engine nozzles	2
spacecraft propulsion	satellite	2
spacecraft propulsion	solar sail	2
spacecraft propulsion	spaceflight	2
spacecraft propulsion	space launch	2
spacecraft propulsion	space travel using constant acceleration	2
spacecraft propulsion	specific impulse	2
spacecraft propulsion	tsiolkovsky rocket equation	2
robotic spacecraft	beacon mode service	2
robotic spacecraft	geosynchronous satellite	2
robotic spacecraft	human spaceflight	2
robotic spacecraft	timeline of solar system exploration	2
space science	launch vehicle	2
space science	satellite	2
space science	space sciences laboratory	2
space science	space-based economy	2
space science	commercial use of space	2
space science	space manufacturing	2
space science	space tourism	2
space science	space warfare	2
space science	alien invasion	2
space science	asteroid-impact avoidance	2
space science	space law	2
space science	remote sensing	2
space science	planetarium	2
space science	centennial challenges	2
space science	space and survival	2
space science	space colonization	2
space science	space industry	2
space science	timeline of artificial satellites and space probes	2
space science	batteries in space	2
space science	control engineering	2
space science	corrosion in space	2
space science	nuclear power in space	2
space science	space observatory	2
space science	orbital mechanics	2
space science	robotic spacecraft	2
space science	space environment	2
space science	space logistics	2
space science	space technology	2
space science	space-based radar	2
space science	space-based solar power	2
space science	spacecraft design	2
space science	spacecraft propulsion	2
space law	artemis accords	2
space law	common heritage of mankind	2
space law	evidence-based legislation	2
space law	evidence-based policy	2
space law	politics of outer space	2
space law	ernst fasan	2
space law	institute of space and telecommunications law	2
space law	metalaw	2
space law	moon treaty	2
space law	newspace	2
space law	outer space treaty	2
space law	politics of the international space station	2
space law	space advocacy	2
space law	space archaeology	2
space law	space policy	2
space law	title 51 of the united states code	2
space law	space traffic management	2
spacefaring	space travel in science fiction	2
space probe	beacon mode service	2
space probe	geosynchronous satellite	2
space probe	human spaceflight	2
space probe	timeline of solar system exploration	2
space medicine	artificial gravity	2
space medicine	aviation medicine	2
space medicine	bioastronautics	2
space medicine	effect of spaceflight on the human body	2
space medicine	fatigue and sleep loss during spaceflight	2
space medicine	intervertebral disc damage and spaceflight	2
space medicine	mars analog habitat	2
space medicine	medical treatment during spaceflight	2
space medicine	microgravity university	2
space medicine	reduced-gravity aircraft	2
space medicine	renal stone formation in space	2
space medicine	spaceflight osteopenia	2
space medicine	spaceflight radiation carcinogenesis	2
space medicine	space food	2
space medicine	space nursing	2
space medicine	space nursing society	2
space medicine	space pharmacology	2
space medicine	team composition and cohesion in spaceflight missions	2
space medicine	visual impairment due to intracranial pressure	2
space age	seds	2
space age	information age	2
space age	jet age	2
space age	atomic age	2
outer space	absolute space and time	2
outer space	olbers' paradox	2
outer space	panspermia	2
outer space	space art	2
outer space	space and survival	2
outer space	space race	2
outer space	space station	2
outer space	space technology	2
outer space	timeline of knowledge about the interstellar and intergalactic medium	2
outer space	timeline of solar system exploration	2
outer space	timeline of spaceflight	2
committee on space research	space research	2
committee on space research	planetary protection	2
committee on space research	international planetary data alliance	2
benefits of space exploration	nasa spinoff technologies	2
